{
	"start":	{
		"connected":	[{
				"socket":	5,
				"local_host":	"10.10.10.1",
				"local_port":	44232,
				"remote_host":	"10.10.10.2",
				"remote_port":	5201
			}],
		"version":	"iperf 3.16",
		"system_info":	"Linux ubuntu-VirtualBox 6.17.0-35-generic #35~24.04.1-Ubuntu SMP PREEMPT_DYNAMIC Tue May 26 19:30:42 UTC 2 x86_64",
		"timestamp":	{
			"time":	"Sat, 18 Jul 2026 06:19:00 GMT",
			"timesecs":	1784355540
		},
		"connecting_to":	{
			"host":	"10.10.10.2",
			"port":	5201
		},
		"cookie":	"wwqamkaeed2n6wbhmrpprssuembt75i2i52d",
		"tcp_mss_default":	1448,
		"target_bitrate":	0,
		"fq_rate":	0,
		"sock_bufsize":	0,
		"sndbuf_actual":	65536,
		"rcvbuf_actual":	131072,
		"test_start":	{
			"protocol":	"TCP",
			"num_streams":	1,
			"blksize":	131072,
			"omit":	0,
			"duration":	20,
			"bytes":	0,
			"blocks":	0,
			"reverse":	0,
			"tos":	0,
			"target_bitrate":	0,
			"bidir":	0,
			"fqrate":	0
		}
	},
	"intervals":	[{
			"streams":	[{
					"socket":	5,
					"start":	0,
					"end":	1.002279,
					"seconds":	1.0022790431976318,
					"bytes":	1441792,
					"bits_per_second":	11508108.52355179,
					"retransmits":	0,
					"snd_cwnd":	211408,
					"snd_wnd":	96256,
					"rtt":	213072,
					"rttvar":	9982,
					"pmtu":	1500,
					"omitted":	false,
					"sender":	true
				}],
			"sum":	{
				"start":	0,
				"end":	1.002279,
				"seconds":	1.0022790431976318,
				"bytes":	1441792,
				"bits_per_second":	11508108.52355179,
				"retransmits":	0,
				"omitted":	false,
				"sender":	true
			}
		}, {
			"streams":	[{
					"socket":	5,
					"start":	1.002279,
					"end":	2.002744,
					"seconds":	1.0004650354385376,
					"bytes":	655360,
					"bits_per_second":	5240443.00828751,
					"retransmits":	0,
					"snd_cwnd":	295392,
					"snd_wnd":	119808,
					"rtt":	208441,
					"rttvar":	8452,
					"pmtu":	1500,
					"omitted":	false,
					"sender":	true
				}],
			"sum":	{
				"start":	1.002279,
				"end":	2.002744,
				"seconds":	1.0004650354385376,
				"bytes":	655360,
				"bits_per_second":	5240443.00828751,
				"retransmits":	0,
				"omitted":	false,
				"sender":	true
			}
		}, {
			"streams":	[{
					"socket":	5,
					"start":	2.002744,
					"end":	3.003147,
					"seconds":	1.0004030466079712,
					"bytes":	2228224,
					"bits_per_second":	17818610.269572087,
					"retransmits":	0,
					"snd_cwnd":	527072,
					"snd_wnd":	243712,
					"rtt":	206874,
					"rttvar":	6319,
					"pmtu":	1500,
					"omitted":	false,
					"sender":	true
				}],
			"sum":	{
				"start":	2.002744,
				"end":	3.003147,
				"seconds":	1.0004030466079712,
				"bytes":	2228224,
				"bits_per_second":	17818610.269572087,
				"retransmits":	0,
				"omitted":	false,
				"sender":	true
			}
		}, {
			"streams":	[{
					"socket":	5,
					"start":	3.003147,
					"end":	4.001958,
					"seconds":	0.99881100654602051,
					"bytes":	4194304,
					"bits_per_second":	33594375.49255117,
					"retransmits":	0,
					"snd_cwnd":	994776,
					"snd_wnd":	395264,
					"rtt":	210803,
					"rttvar":	6382,
					"pmtu":	1500,
					"omitted":	false,
					"sender":	true
				}],
			"sum":	{
				"start":	3.003147,
				"end":	4.001958,
				"seconds":	0.99881100654602051,
				"bytes":	4194304,
				"bits_per_second":	33594375.49255117,
				"retransmits":	0,
				"omitted":	false,
				"sender":	true
			}
		}, {
			"streams":	[{
					"socket":	5,
					"start":	4.001958,
					"end":	5.003289,
					"seconds":	1.0013309717178345,
					"bytes":	2490368,
					"bits_per_second":	19896462.371298842,
					"retransmits":	0,
					"snd_cwnd":	1285824,
					"snd_wnd":	546816,
					"rtt":	208540,
					"rttvar":	4325,
					"pmtu":	1500,
					"omitted":	false,
					"sender":	true
				}],
			"sum":	{
				"start":	4.001958,
				"end":	5.003289,
				"seconds":	1.0013309717178345,
				"bytes":	2490368,
				"bits_per_second":	19896462.371298842,
				"retransmits":	0,
				"omitted":	false,
				"sender":	true
			}
		}, {
			"streams":	[{
					"socket":	5,
					"start":	5.003289,
					"end":	6.003152,
					"seconds":	0.999863028526306,
					"bytes":	3145728,
					"bits_per_second":	25169271.472205348,
					"retransmits":	0,
					"snd_cwnd":	1789728,
					"snd_wnd":	762880,
					"rtt":	238470,
					"rttvar":	10277,
					"pmtu":	1500,
					"omitted":	false,
					"sender":	true
				}],
			"sum":	{
				"start":	5.003289,
				"end":	6.003152,
				"seconds":	0.999863028526306,
				"bytes":	3145728,
				"bits_per_second":	25169271.472205348,
				"retransmits":	0,
				"omitted":	false,
				"sender":	true
			}
		}, {
			"streams":	[{
					"socket":	5,
					"start":	6.003152,
					"end":	7.001571,
					"seconds":	0.99841898679733276,
					"bytes":	18481152,
					"bits_per_second":	148083337.71201774,
					"retransmits":	0,
					"snd_cwnd":	4920304,
					"snd_wnd":	2750464,
					"rtt":	205251,
					"rttvar":	1685,
					"pmtu":	1500,
					"omitted":	false,
					"sender":	true
				}],
			"sum":	{
				"start":	6.003152,
				"end":	7.001571,
				"seconds":	0.99841898679733276,
				"bytes":	18481152,
				"bits_per_second":	148083337.71201774,
				"retransmits":	0,
				"omitted":	false,
				"sender":	true
			}
		}, {
			"streams":	[{
					"socket":	5,
					"start":	7.001571,
					"end":	8.003784,
					"seconds":	1.0022130012512207,
					"bytes":	30670848,
					"bits_per_second":	244824985.99965268,
					"retransmits":	31,
					"snd_cwnd":	25910512,
					"snd_wnd":	13862912,
					"rtt":	241062,
					"rttvar":	8516,
					"pmtu":	1500,
					"omitted":	false,
					"sender":	true
				}],
			"sum":	{
				"start":	7.001571,
				"end":	8.003784,
				"seconds":	1.0022130012512207,
				"bytes":	30670848,
				"bits_per_second":	244824985.99965268,
				"retransmits":	31,
				"omitted":	false,
				"sender":	true
			}
		}, {
			"streams":	[{
					"socket":	5,
					"start":	8.003784,
					"end":	9.000994,
					"seconds":	0.99721002578735352,
					"bytes":	87162880,
					"bits_per_second":	699253940.46198034,
					"retransmits":	0,
					"snd_cwnd":	50484520,
					"snd_wnd":	25116672,
					"rtt":	235695,
					"rttvar":	1395,
					"pmtu":	1500,
					"omitted":	false,
					"sender":	true
				}],
			"sum":	{
				"start":	8.003784,
				"end":	9.000994,
				"seconds":	0.99721002578735352,
				"bytes":	87162880,
				"bits_per_second":	699253940.46198034,
				"retransmits":	0,
				"omitted":	false,
				"sender":	true
			}
		}, {
			"streams":	[{
					"socket":	5,
					"start":	9.000994,
					"end":	10.072711,
					"seconds":	1.0717170238494873,
					"bytes":	76414976,
					"bits_per_second":	570411586.63712168,
					"retransmits":	0,
					"snd_cwnd":	50484520,
					"snd_wnd":	25116672,
					"rtt":	337958,
					"rttvar":	2988,
					"pmtu":	1500,
					"omitted":	false,
					"sender":	true
				}],
			"sum":	{
				"start":	9.000994,
				"end":	10.072711,
				"seconds":	1.0717170238494873,
				"bytes":	76414976,
				"bits_per_second":	570411586.63712168,
				"retransmits":	0,
				"omitted":	false,
				"sender":	true
			}
		}, {
			"streams":	[{
					"socket":	5,
					"start":	10.072711,
					"end":	11.001099,
					"seconds":	0.928387999534607,
					"bytes":	90963968,
					"bits_per_second":	783844410.27328634,
					"retransmits":	0,
					"snd_cwnd":	50484520,
					"snd_wnd":	25116672,
					"rtt":	225029,
					"rttvar":	1105,
					"pmtu":	1500,
					"omitted":	false,
					"sender":	true
				}],
			"sum":	{
				"start":	10.072711,
				"end":	11.001099,
				"seconds":	0.928387999534607,
				"bytes":	90963968,
				"bits_per_second":	783844410.27328634,
				"retransmits":	0,
				"omitted":	false,
				"sender":	true
			}
		}, {
			"streams":	[{
					"socket":	5,
					"start":	11.001099,
					"end":	12.001986,
					"seconds":	1.0008870363235474,
					"bytes":	84672512,
					"bits_per_second":	676779767.76295233,
					"retransmits":	0,
					"snd_cwnd":	50484520,
					"snd_wnd":	25067520,
					"rtt":	293112,
					"rttvar":	13675,
					"pmtu":	1500,
					"omitted":	false,
					"sender":	true
				}],
			"sum":	{
				"start":	11.001099,
				"end":	12.001986,
				"seconds":	1.0008870363235474,