{
	"start":	{
		"connected":	[{
				"socket":	5,
				"local_host":	"10.10.10.1",
				"local_port":	35568,
				"remote_host":	"10.10.10.2",
				"remote_port":	5201
			}],
		"version":	"iperf 3.16",
		"system_info":	"Linux ubuntu-VirtualBox 6.17.0-35-generic #35~24.04.1-Ubuntu SMP PREEMPT_DYNAMIC Tue May 26 19:30:42 UTC 2 x86_64",
		"timestamp":	{
			"time":	"Thu, 16 Jul 2026 06:55:11 GMT",
			"timesecs":	1784184911
		},
		"connecting_to":	{
			"host":	"10.10.10.2",
			"port":	5201
		},
		"cookie":	"7xmdaysc6guvxh35ifil7y52cdhkxnhuty4t",
		"tcp_mss_default":	1448,
		"target_bitrate":	0,
		"fq_rate":	0,
		"sock_bufsize":	0,
		"sndbuf_actual":	65536,
		"rcvbuf_actual":	131072,
		"test_start":	{
			"protocol":	"TCP",
			"num_streams":	1,
			"blksize":	131072,
			"omit":	0,
			"duration":	20,
			"bytes":	0,
			"blocks":	0,
			"reverse":	0,
			"tos":	0,
			"target_bitrate":	0,
			"bidir":	0,
			"fqrate":	0
		}
	},
	"intervals":	[{
			"streams":	[{
					"socket":	5,
					"start":	0,
					"end":	1.002728,
					"seconds":	1.00272798538208,
					"bytes":	1441792,
					"bits_per_second":	11502956.103897858,
					"retransmits":	0,
					"snd_cwnd":	211408,
					"snd_wnd":	96256,
					"rtt":	211043,
					"rttvar":	7268,
					"pmtu":	1500,
					"omitted":	false,
					"sender":	true
				}],
			"sum":	{
				"start":	0,
				"end":	1.002728,
				"seconds":	1.00272798538208,
				"bytes":	1441792,
				"bits_per_second":	11502956.103897858,
				"retransmits":	0,
				"omitted":	false,
				"sender":	true
			}
		}, {
			"streams":	[{
					"socket":	5,
					"start":	1.002728,
					"end":	2.003419,
					"seconds":	1.0006910562515259,
					"bytes":	524288,
					"bits_per_second":	4191407.5016432968,
					"retransmits":	0,
					"snd_cwnd":	263536,
					"snd_wnd":	148480,
					"rtt":	223484,
					"rttvar":	3443,
					"pmtu":	1500,
					"omitted":	false,
					"sender":	true
				}],
			"sum":	{
				"start":	1.002728,
				"end":	2.003419,
				"seconds":	1.0006910562515259,
				"bytes":	524288,
				"bits_per_second":	4191407.5016432968,
				"retransmits":	0,
				"omitted":	false,
				"sender":	true
			}
		}, {
			"streams":	[{
					"socket":	5,
					"start":	2.003419,
					"end":	3.003224,
					"seconds":	0.999804973602295,
					"bytes":	786432,
					"bits_per_second":	6292683.23934407,
					"retransmits":	0,
					"snd_cwnd":	382272,
					"snd_wnd":	188416,
					"rtt":	225079,
					"rttvar":	10877,
					"pmtu":	1500,
					"omitted":	false,
					"sender":	true
				}],
			"sum":	{
				"start":	2.003419,
				"end":	3.003224,
				"seconds":	0.999804973602295,
				"bytes":	786432,
				"bits_per_second":	6292683.23934407,
				"retransmits":	0,
				"omitted":	false,
				"sender":	true
			}
		}, {
			"streams":	[{
					"socket":	5,
					"start":	3.003224,
					"end":	4.005033,
					"seconds":	1.0018090009689331,
					"bytes":	917504,
					"bits_per_second":	7326777.8517669961,
					"retransmits":	0,
					"snd_cwnd":	396752,
					"snd_wnd":	286720,
					"rtt":	224842,
					"rttvar":	9639,
					"pmtu":	1500,
					"omitted":	false,
					"sender":	true
				}],
			"sum":	{
				"start":	3.003224,
				"end":	4.005033,
				"seconds":	1.0018090009689331,
				"bytes":	917504,
				"bits_per_second":	7326777.8517669961,
				"retransmits":	0,
				"omitted":	false,
				"sender":	true
			}
		}, {
			"streams":	[{
					"socket":	5,
					"start":	4.005033,
					"end":	5.00283,
					"seconds":	0.99779701232910156,
					"bytes":	1966080,
					"bits_per_second":	15763366.502055883,
					"retransmits":	0,
					"snd_cwnd":	405440,
					"snd_wnd":	365568,
					"rtt":	282975,
					"rttvar":	485,
					"pmtu":	1500,
					"omitted":	false,
					"sender":	true
				}],
			"sum":	{
				"start":	4.005033,
				"end":	5.00283,
				"seconds":	0.99779701232910156,
				"bytes":	1966080,
				"bits_per_second":	15763366.502055883,
				"retransmits":	0,
				"omitted":	false,
				"sender":	true
			}
		}, {
			"streams":	[{
					"socket":	5,
					"start":	5.00283,
					"end":	6.001054,
					"seconds":	0.99822402000427246,
					"bytes":	1835008,
					"bits_per_second":	14706181.884841008,
					"retransmits":	0,
					"snd_cwnd":	480736,
					"snd_wnd":	851968,
					"rtt":	248951,
					"rttvar":	10100,
					"pmtu":	1500,
					"omitted":	false,
					"sender":	true
				}],
			"sum":	{
				"start":	5.00283,
				"end":	6.001054,
				"seconds":	0.99822402000427246,
				"bytes":	1835008,
				"bits_per_second":	14706181.884841008,
				"retransmits":	0,
				"omitted":	false,
				"sender":	true
			}
		}, {
			"streams":	[{
					"socket":	5,
					"start":	6.001054,
					"end":	7.001969,
					"seconds":	1.0009150505065918,
					"bytes":	2752512,
					"bits_per_second":	21999964.920954078,
					"retransmits":	0,
					"snd_cwnd":	590784,
					"snd_wnd":	1035264,
					"rtt":	234527,
					"rttvar":	13481,
					"pmtu":	1500,
					"omitted":	false,
					"sender":	true
				}],
			"sum":	{
				"start":	6.001054,
				"end":	7.001969,
				"seconds":	1.0009150505065918,
				"bytes":	2752512,
				"bits_per_second":	21999964.920954078,
				"retransmits":	0,
				"omitted":	false,
				"sender":	true
			}
		}, {
			"streams":	[{
					"socket":	5,
					"start":	7.001969,
					"end":	8.007325,
					"seconds":	1.0053559541702271,
					"bytes":	2752512,
					"bits_per_second":	21902785.683677915,
					"retransmits":	0,
					"snd_cwnd":	713864,
					"snd_wnd":	1034240,
					"rtt":	238212,
					"rttvar":	10543,
					"pmtu":	1500,
					"omitted":	false,
					"sender":	true
				}],
			"sum":	{
				"start":	7.001969,
				"end":	8.007325,
				"seconds":	1.0053559541702271,
				"bytes":	2752512,
				"bits_per_second":	21902785.683677915,
				"retransmits":	0,
				"omitted":	false,
				"sender":	true
			}
		}, {
			"streams":	[{
					"socket":	5,
					"start":	8.007325,
					"end":	9.001582,
					"seconds":	0.99425697326660156,
					"bytes":	3276800,
					"bits_per_second":	26365819.6068501,
					"retransmits":	0,
					"snd_cwnd":	863008,
					"snd_wnd":	1431552,
					"rtt":	246360,
					"rttvar":	21844,
					"pmtu":	1500,
					"omitted":	false,
					"sender":	true
				}],
			"sum":	{
				"start":	8.007325,
				"end":	9.001582,
				"seconds":	0.99425697326660156,
				"bytes":	3276800,
				"bits_per_second":	26365819.6068501,
				"retransmits":	0,
				"omitted":	false,
				"sender":	true
			}
		}, {
			"streams":	[{
					"socket":	5,
					"start":	9.001582,
					"end":	10.002213,
					"seconds":	1.0006309747695923,
					"bytes":	3932160,
					"bits_per_second":	31437443.766163073,
					"retransmits":	0,
					"snd_cwnd":	999120,
					"snd_wnd":	1750016,
					"rtt":	295621,
					"rttvar":	152,
					"pmtu":	1500,
					"omitted":	false,
					"sender":	true
				}],
			"sum":	{
				"start":	9.001582,
				"end":	10.002213,
				"seconds":	1.0006309747695923,
				"bytes":	3932160,
				"bits_per_second":	31437443.766163073,
				"retransmits":	0,
				"omitted":	false,
				"sender":	true
			}
		}, {
			"streams":	[{
					"socket":	5,
					"start":	10.002213,
					"end":	11.072283,
					"seconds":	1.0700700283050537,
					"bytes":	4718592,
					"bits_per_second":	35276883.75665696,
					"retransmits":	0,
					"snd_cwnd":	1190256,
					"snd_wnd":	1872896,
					"rtt":	376692,
					"rttvar":	69606,
					"pmtu":	1500,
					"omitted":	false,
					"sender":	true
				}],
			"sum":	{
				"start":	10.002213,
				"end":	11.072283,
				"seconds":	1.0700700283050537,
				"bytes":	4718592,
				"bits_per_second":	35276883.75665696,
				"retransmits":	0,
				"omitted":	false,
				"sender":	true
			}
		}, {
			"streams":	[{
					"socket":	5,
					"start":	11.072283,
					"end":	12.001147,
					"seconds":	0.9288640022277832,
					"bytes":	5111808,
					"bits_per_second":	44026320.216865875,
					"retransmits":	0,
					"snd_cwnd":	1364016,
					"snd_wnd":	2392064,
					"rtt":	274409,
					"rttvar":	21008,
					"pmtu":	1500,
					"omitted":	false,
					"sender":	true
				}],
			"sum":	{
				"start":	11.072283,
				"end":	12.001147,
				"seconds":	0.9288640022277832,
				"bytes":	5111808,